[{"model": "contenttypes.contenttype", "pk": 1, "fields": {"app_label": "auth", "model": "group"}}, {"model": "contenttypes.contenttype", "pk": 2, "fields": {"app_label": "auth", "model": "permission"}}, {"model": "contenttypes.contenttype", "pk": 3, "fields": {"app_label": "contenttypes", "model": "contenttype"}}, {"model": "contenttypes.contenttype", "pk": 4, "fields": {"app_label": "sessions", "model": "session"}}, {"model": "contenttypes.contenttype", "pk": 5, "fields": {"app_label": "sites", "model": "site"}}, {"model": "contenttypes.contenttype", "pk": 6, "fields": {"app_label": "admin", "model": "logentry"}}, {"model": "contenttypes.contenttype", "pk": 7, "fields": {"app_label": "account", "model": "emailconfirmation"}}, {"model": "contenttypes.contenttype", "pk": 8, "fields": {"app_label": "account", "model": "emailaddress"}}, {"model": "contenttypes.contenttype", "pk": 9, "fields": {"app_label": "socialaccount", "model": "socialtoken"}}, {"model": "contenttypes.contenttype", "pk": 10, "fields": {"app_label": "socialaccount", "model": "socialapp"}}, {"model": "contenttypes.contenttype", "pk": 11, "fields": {"app_label": "socialaccount", "model": "socialaccount"}}, {"model": "contenttypes.contenttype", "pk": 12, "fields": {"app_label": "users", "model": "user"}}, {"model": "contenttypes.contenttype", "pk": 13, "fields": {"app_label": "users", "model": "country"}}, {"model": "contenttypes.contenttype", "pk": 14, "fields": {"app_label": "survey", "model": "survey"}}, {"model": "contenttypes.contenttype", "pk": 15, "fields": {"app_label": "survey", "model": "organization"}}, {"model": "contenttypes.contenttype", "pk": 16, "fields": {"app_label": "survey", "model": "option"}}, {"model": "contenttypes.contenttype", "pk": 18, "fields": {"app_label": "survey", "model": "question"}}, {"model": "contenttypes.contenttype", "pk": 19, "fields": {"app_label": "survey", "model": "region"}}, {"model": "contenttypes.contenttype", "pk": 20, "fields": {"app_label": "survey", "model": "surveyitem"}}, {"model": "contenttypes.contenttype", "pk": 21, "fields": {"app_label": "survey", "model": "answer"}}, {"model": "contenttypes.contenttype", "pk": 22, "fields": {"app_label": "users", "model": "anonymoususer"}}, {"model": "contenttypes.contenttype", "pk": 23, "fields": {"app_label": "survey", "model": "hcpcategory"}}, {"model": "sessions.session", "pk": "21xqdudrso416rkenqa2bzunkmp9dvfx", "fields": {"session_data": "M2EwMzk4NTE3YWMxNDhlN2NiNGQxMmUxZjFlZGMwNDBhMTZkYzg2ODp7Il9hdXRoX3VzZXJfaWQiOiIxIiwiX2F1dGhfdXNlcl9iYWNrZW5kIjoiYWxsYXV0aC5hY2NvdW50LmF1dGhfYmFja2VuZHMuQXV0aGVudGljYXRpb25CYWNrZW5kIiwiX2F1dGhfdXNlcl9oYXNoIjoiMThlNGJmNzFmNzQ0MjAzODE3NjZjNDU3ZDdiZTc2ZDM2ZGZhNTgyYSIsIl9zZXNzaW9uX2V4cGlyeSI6MH0=", "expire_date": "2017-01-13T15:57:42.489Z"}}, {"model": "sessions.session", "pk": "25y9wokf6z4sl53yzopfkmj52wshuqpo", "fields": {"session_data": "NDAyZGYzMmFmNjRkMGM5Yzk0YWVjZWRhNTMzYWU0NjE1MjEwN2ExNjp7Il9hdXRoX3VzZXJfaWQiOiIxIiwiX2F1dGhfdXNlcl9iYWNrZW5kIjoiYWxsYXV0aC5hY2NvdW50LmF1dGhfYmFja2VuZHMuQXV0aGVudGljYXRpb25CYWNrZW5kIiwiX3Nlc3Npb25fZXhwaXJ5IjowLCJfYXV0aF91c2VyX2hhc2giOiIxOGU0YmY3MWY3NDQyMDM4MTc2NmM0NTdkN2JlNzZkMzZkZmE1ODJhIn0=", "expire_date": "2017-01-13T12:36:20.916Z"}}, {"model": "sessions.session", "pk": "3nrw2yvw3qvnfufiegued44nfjokjnqg", "fields": {"session_data": "YjQwZjMxOWQzM2FiZjA3NWQ4YmVjOWFmZjkyOTc4ODhjMzQ5OTBhZTp7Il9hdXRoX3VzZXJfYmFja2VuZCI6ImFsbGF1dGguYWNjb3VudC5hdXRoX2JhY2tlbmRzLkF1dGhlbnRpY2F0aW9uQmFja2VuZCIsIl9hdXRoX3VzZXJfaWQiOiIxIiwiX3Nlc3Npb25fZXhwaXJ5IjowLCJfYXV0aF91c2VyX2hhc2giOiIxOGU0YmY3MWY3NDQyMDM4MTc2NmM0NTdkN2JlNzZkMzZkZmE1ODJhIn0=", "expire_date": "2017-01-11T22:29:34.641Z"}}, {"model": "sessions.session", "pk": "5th5rsepe2f7wewn0eirzx8cx0rsxkm5", "fields": {"session_data": "M2EwMzk4NTE3YWMxNDhlN2NiNGQxMmUxZjFlZGMwNDBhMTZkYzg2ODp7Il9hdXRoX3VzZXJfaWQiOiIxIiwiX2F1dGhfdXNlcl9iYWNrZW5kIjoiYWxsYXV0aC5hY2NvdW50LmF1dGhfYmFja2VuZHMuQXV0aGVudGljYXRpb25CYWNrZW5kIiwiX2F1dGhfdXNlcl9oYXNoIjoiMThlNGJmNzFmNzQ0MjAzODE3NjZjNDU3ZDdiZTc2ZDM2ZGZhNTgyYSIsIl9zZXNzaW9uX2V4cGlyeSI6MH0=", "expire_date": "2017-01-13T15:58:31.045Z"}}, {"model": "sessions.session", "pk": "82fhtib6xka4kjqrklridl8ptymz4ox8", "fields": {"session_data": "NDAyZGYzMmFmNjRkMGM5Yzk0YWVjZWRhNTMzYWU0NjE1MjEwN2ExNjp7Il9hdXRoX3VzZXJfaWQiOiIxIiwiX2F1dGhfdXNlcl9iYWNrZW5kIjoiYWxsYXV0aC5hY2NvdW50LmF1dGhfYmFja2VuZHMuQXV0aGVudGljYXRpb25CYWNrZW5kIiwiX3Nlc3Npb25fZXhwaXJ5IjowLCJfYXV0aF91c2VyX2hhc2giOiIxOGU0YmY3MWY3NDQyMDM4MTc2NmM0NTdkN2JlNzZkMzZkZmE1ODJhIn0=", "expire_date": "2017-01-12T11:51:33.710Z"}}, {"model": "sessions.session", "pk": "ohwd5s7je6dry338ptabd03igdan0jkj", "fields": {"session_data": "OGM0OGI1NDZlODIyMWEwODMyMWFiMDFlMmRmNTU2Yzc1Mzg3Y2UxMzp7Il9hdXRoX3VzZXJfYmFja2VuZCI6ImFsbGF1dGguYWNjb3VudC5hdXRoX2JhY2tlbmRzLkF1dGhlbnRpY2F0aW9uQmFja2VuZCIsIl9zZXNzaW9uX2V4cGlyeSI6MCwiX2F1dGhfdXNlcl9pZCI6IjIiLCJfYXV0aF91c2VyX2hhc2giOiIyZTY3MWVhNTUzMzczOTQ1MDc3NzEzMTZjNzFjMmI5ZmI5YTljNThjIn0=", "expire_date": "2017-01-09T19:02:36.289Z"}}, {"model": "sessions.session", "pk": "xlw52l52wlljfyazdennruogo80gncoj", "fields": {"session_data": "NmY2YTU3MGQwZTdkYWZmZjViMjU2ZGY5ZjA4ZWVjOGNmYzQyNTFiNjp7Il9hdXRoX3VzZXJfYmFja2VuZCI6ImFsbGF1dGguYWNjb3VudC5hdXRoX2JhY2tlbmRzLkF1dGhlbnRpY2F0aW9uQmFja2VuZCIsIl9hdXRoX3VzZXJfaWQiOiIxIiwiX2F1dGhfdXNlcl9oYXNoIjoiMThlNGJmNzFmNzQ0MjAzODE3NjZjNDU3ZDdiZTc2ZDM2ZGZhNTgyYSJ9", "expire_date": "2017-01-13T20:08:55.999Z"}}, {"model": "sites.site", "pk": 1, "fields": {"domain": "example.com", "name": "Otsuka Insights"}}, {"model": "users.country", "pk": 1, "fields": {"name": "Ukraine", "created_at": "2016-12-28T19:38:34.933Z"}}, {"model": "users.country", "pk": 3, "fields": {"name": "Spain", "created_at": "2016-12-28T20:10:20.497Z"}}, {"model": "users.country", "pk": 4, "fields": {"name": "Italy", "created_at": "2016-12-28T20:10:26.283Z"}}, {"model": "users.country", "pk": 5, "fields": {"name": "France", "created_at": "2016-12-28T20:10:33.451Z"}}, {"model": "survey.region", "pk": 1, "fields": {"name": "East", "country": 3, "created_at": "2016-12-28T20:10:55.914Z"}}, {"model": "survey.region", "pk": 2, "fields": {"name": "West", "country": 3, "created_at": "2016-12-28T20:11:01.434Z"}}, {"model": "survey.organization", "pk": 1, "fields": {"name": "Drug Abuse Specialised Mental Health Centre", "created_at": "2016-12-28T20:08:48.538Z"}}, {"model": "survey.organization", "pk": 2, "fields": {"name": "Mental Health Centres", "created_at": "2016-12-28T20:08:55.070Z"}}, {"model": "survey.organization", "pk": 3, "fields": {"name": "Hospital", "created_at": "2016-12-28T20:09:04.217Z"}}, {"model": "survey.question", "pk": 1, "fields": {"type": "type_two_dependend_fields", "field": 1, "text": "How many of your Patients with SCZ have Substance abuse?", "depends_of": null, "dependency_type": null, "script": "", "created_at": "2016-12-28T20:25:12.476Z"}}, {"model": "survey.question", "pk": 2, "fields": {"type": "type_yes_no", "field": null, "text": "Do you treat patients with SCZ and Substance abuse differently to other Patients with SCZ?", "depends_of": null, "dependency_type": null, "script": "", "created_at": "2016-12-28T20:28:23.239Z"}}, {"model": "survey.question", "pk": 3, "fields": {"type": "type_multiselect_with_other", "field": null, "text": "Which antipsychotic do you use for the treatment of SCZ in Patients with SCZ and Substance\r\nabuse in maintenance setting?", "depends_of": null, "dependency_type": null, "script": "", "created_at": "2016-12-28T20:29:21.105Z"}}, {"model": "survey.question", "pk": 4, "fields": {"type": "type_multiselect_with_other", "field": null, "text": "What is your rationale to chose one treatment over another?", "depends_of": null, "dependency_type": null, "script": "", "created_at": "2016-12-28T20:29:37.680Z"}}, {"model": "survey.question", "pk": 5, "fields": {"type": "type_yes_no", "field": null, "text": "Do you have experience with ARI for the treatment of SCZ in patients with SCZ and substance\r\nabuse?", "depends_of": 1, "dependency_type": 2, "script": "//alert('test');", "created_at": "2016-12-28T20:30:42.038Z"}}, {"model": "survey.question", "pk": 6, "fields": {"type": "type_multiselect_ordered", "field": null, "text": "Why would you choose ARI over another antipsychotic?", "depends_of": null, "dependency_type": null, "script": "", "created_at": "2016-12-28T20:31:02.240Z"}}, {"model": "survey.question", "pk": 7, "fields": {"type": "type_multiselect_with_other", "field": null, "text": "How is the patient group \u201cPatients with SCZ and Concomitant Substance\r\nAbuse\u201d defined?", "depends_of": null, "dependency_type": null, "script": "", "created_at": "2016-12-28T20:31:36.750Z"}}, {"model": "survey.question", "pk": 8, "fields": {"type": "type_dependeend_question", "field": 2, "text": "Out of the last 10 patients with SCZ, how many have Substance abuse?", "depends_of": 1, "dependency_type": 1, "script": "", "created_at": "2016-12-28T21:31:27.964Z"}}, {"model": "survey.option", "pk": 1, "fields": {"question": 3, "value": "Ari-oral", "ordering": 0, "created_at": "2016-12-28T21:32:56.080Z"}}, {"model": "survey.option", "pk": 2, "fields": {"question": 3, "value": "Ari-LAI", "ordering": 0, "created_at": "2016-12-28T21:33:05.286Z"}}, {"model": "survey.option", "pk": 3, "fields": {"question": 3, "value": "Resperidol-oral", "ordering": 0, "created_at": "2016-12-28T21:33:18.702Z"}}, {"model": "survey.option", "pk": 4, "fields": {"question": 3, "value": "Resperidol-LAI", "ordering": 0, "created_at": "2016-12-28T21:33:26.478Z"}}, {"model": "survey.option", "pk": 5, "fields": {"question": 3, "value": "Quetapin-oral", "ordering": 0, "created_at": "2016-12-28T21:33:34.413Z"}}, {"model": "survey.option", "pk": 6, "fields": {"question": 3, "value": "Aloperidol-oral", "ordering": 0, "created_at": "2016-12-28T21:33:42.062Z"}}, {"model": "survey.option", "pk": 7, "fields": {"question": 3, "value": "Aloperidol-LAI", "ordering": 0, "created_at": "2016-12-28T21:33:56.801Z"}}, {"model": "survey.option", "pk": 8, "fields": {"question": 4, "value": "Age", "ordering": 0, "created_at": "2016-12-28T21:35:39.053Z"}}, {"model": "survey.option", "pk": 9, "fields": {"question": 4, "value": "Mechanism of Action", "ordering": 0, "created_at": "2016-12-28T21:35:56.827Z"}}, {"model": "survey.option", "pk": 10, "fields": {"question": 4, "value": "Preference of the patients", "ordering": 0, "created_at": "2016-12-28T21:36:05.528Z"}}, {"model": "survey.option", "pk": 11, "fields": {"question": 4, "value": "Efficacy profile", "ordering": 0, "created_at": "2016-12-28T21:36:18.150Z"}}, {"model": "survey.option", "pk": 12, "fields": {"question": 4, "value": "Tolerability profile", "ordering": 0, "created_at": "2016-12-28T21:36:27.935Z"}}, {"model": "survey.option", "pk": 13, "fields": {"question": 4, "value": "Health care system specific", "ordering": 0, "created_at": "2016-12-28T21:36:36.514Z"}}, {"model": "survey.option", "pk": 14, "fields": {"question": 4, "value": "Pre-dominancy of Symptoms", "ordering": 0, "created_at": "2016-12-28T21:36:46.550Z"}}, {"model": "survey.option", "pk": 15, "fields": {"question": 6, "value": "Age", "ordering": 0, "created_at": "2016-12-28T21:39:01.682Z"}}, {"model": "survey.option", "pk": 16, "fields": {"question": 6, "value": "Mechanism of Action", "ordering": 0, "created_at": "2016-12-28T21:39:16.652Z"}}, {"model": "survey.option", "pk": 17, "fields": {"question": 6, "value": "Preference of the patients", "ordering": 0, "created_at": "2016-12-28T21:39:24.884Z"}}, {"model": "survey.option", "pk": 18, "fields": {"question": 6, "value": "Efficacy profile", "ordering": 0, "created_at": "2016-12-28T21:39:32.141Z"}}, {"model": "survey.option", "pk": 19, "fields": {"question": 6, "value": "Tolerability profile", "ordering": 0, "created_at": "2016-12-28T21:39:39.970Z"}}, {"model": "survey.option", "pk": 20, "fields": {"question": 6, "value": "Health care system specific", "ordering": 0, "created_at": "2016-12-28T21:39:47.202Z"}}, {"model": "survey.option", "pk": 21, "fields": {"question": 6, "value": "Pre-dominancy of Symptoms", "ordering": 0, "created_at": "2016-12-28T21:39:57.975Z"}}, {"model": "survey.option", "pk": 22, "fields": {"question": 7, "value": "Patients with SCZ with concomitant Substance use/abuse on a daily basis or several times per week (not Occasional/Recreational)", "ordering": 0, "created_at": "2016-12-28T21:41:50.553Z"}}, {"model": "survey.option", "pk": 23, "fields": {"question": 7, "value": "Substance abuse including Drugs and Alcohol", "ordering": 0, "created_at": "2016-12-28T21:42:48.730Z"}}, {"model": "survey.survey", "pk": 1, "fields": {"name": "Test", "active": true, "created_at": "2016-12-28T22:01:34.162Z"}}, {"model": "survey.surveyitem", "pk": 1, "fields": {"survey": 1, "question": 1, "ordering": 1, "created_at": "2016-12-28T22:01:57.556Z"}}, {"model": "survey.surveyitem", "pk": 2, "fields": {"survey": 1, "question": 2, "ordering": 1, "created_at": "2016-12-28T22:02:06.659Z"}}, {"model": "survey.surveyitem", "pk": 3, "fields": {"survey": 1, "question": 3, "ordering": 1, "created_at": "2016-12-28T22:02:11.828Z"}}, {"model": "survey.surveyitem", "pk": 4, "fields": {"survey": 1, "question": 4, "ordering": 1, "created_at": "2016-12-28T22:02:24.077Z"}}, {"model": "survey.surveyitem", "pk": 5, "fields": {"survey": 1, "question": 5, "ordering": 1, "created_at": "2016-12-28T22:02:32.121Z"}}, {"model": "survey.surveyitem", "pk": 6, "fields": {"survey": 1, "question": 6, "ordering": 1, "created_at": "2016-12-28T22:02:37.154Z"}}, {"model": "survey.surveyitem", "pk": 7, "fields": {"survey": 1, "question": 7, "ordering": 1, "created_at": "2016-12-28T22:02:42.379Z"}}, {"model": "survey.hcpcategory", "pk": 1, "fields": {"name": "KOL", "created_at": "2016-12-29T23:28:37.942Z"}}, {"model": "survey.hcpcategory", "pk": 2, "fields": {"name": "Rising star", "created_at": "2016-12-29T23:28:44.255Z"}}, {"model": "survey.hcpcategory", "pk": 3, "fields": {"name": "Other HCP", "created_at": "2016-12-29T23:28:49.367Z"}}, {"model": "auth.permission", "pk": 1, "fields": {"name": "Can add group", "content_type": 1, "codename": "add_group"}}, {"model": "auth.permission", "pk": 2, "fields": {"name": "Can change group", "content_type": 1, "codename": "change_group"}}, {"model": "auth.permission", "pk": 3, "fields": {"name": "Can delete group", "content_type": 1, "codename": "delete_group"}}, {"model": "auth.permission", "pk": 4, "fields": {"name": "Can add permission", "content_type": 2, "codename": "add_permission"}}, {"model": "auth.permission", "pk": 5, "fields": {"name": "Can change permission", "content_type": 2, "codename": "change_permission"}}, {"model": "auth.permission", "pk": 6, "fields": {"name": "Can delete permission", "content_type": 2, "codename": "delete_permission"}}, {"model": "auth.permission", "pk": 7, "fields": {"name": "Can add content type", "content_type": 3, "codename": "add_contenttype"}}, {"model": "auth.permission", "pk": 8, "fields": {"name": "Can change content type", "content_type": 3, "codename": "change_contenttype"}}, {"model": "auth.permission", "pk": 9, "fields": {"name": "Can delete content type", "content_type": 3, "codename": "delete_contenttype"}}, {"model": "auth.permission", "pk": 10, "fields": {"name": "Can add session", "content_type": 4, "codename": "add_session"}}, {"model": "auth.permission", "pk": 11, "fields": {"name": "Can change session", "content_type": 4, "codename": "change_session"}}, {"model": "auth.permission", "pk": 12, "fields": {"name": "Can delete session", "content_type": 4, "codename": "delete_session"}}, {"model": "auth.permission", "pk": 13, "fields": {"name": "Can add site", "content_type": 5, "codename": "add_site"}}, {"model": "auth.permission", "pk": 14, "fields": {"name": "Can change site", "content_type": 5, "codename": "change_site"}}, {"model": "auth.permission", "pk": 15, "fields": {"name": "Can delete site", "content_type": 5, "codename": "delete_site"}}, {"model": "auth.permission", "pk": 16, "fields": {"name": "Can add log entry", "content_type": 6, "codename": "add_logentry"}}, {"model": "auth.permission", "pk": 17, "fields": {"name": "Can change log entry", "content_type": 6, "codename": "change_logentry"}}, {"model": "auth.permission", "pk": 18, "fields": {"name": "Can delete log entry", "content_type": 6, "codename": "delete_logentry"}}, {"model": "auth.permission", "pk": 19, "fields": {"name": "Can add email confirmation", "content_type": 7, "codename": "add_emailconfirmation"}}, {"model": "auth.permission", "pk": 20, "fields": {"name": "Can change email confirmation", "content_type": 7, "codename": "change_emailconfirmation"}}, {"model": "auth.permission", "pk": 21, "fields": {"name": "Can delete email confirmation", "content_type": 7, "codename": "delete_emailconfirmation"}}, {"model": "auth.permission", "pk": 22, "fields": {"name": "Can add email address", "content_type": 8, "codename": "add_emailaddress"}}, {"model": "auth.permission", "pk": 23, "fields": {"name": "Can change email address", "content_type": 8, "codename": "change_emailaddress"}}, {"model": "auth.permission", "pk": 24, "fields": {"name": "Can delete email address", "content_type": 8, "codename": "delete_emailaddress"}}, {"model": "auth.permission", "pk": 25, "fields": {"name": "Can add social application token", "content_type": 9, "codename": "add_socialtoken"}}, {"model": "auth.permission", "pk": 26, "fields": {"name": "Can change social application token", "content_type": 9, "codename": "change_socialtoken"}}, {"model": "auth.permission", "pk": 27, "fields": {"name": "Can delete social application token", "content_type": 9, "codename": "delete_socialtoken"}}, {"model": "auth.permission", "pk": 28, "fields": {"name": "Can add social application", "content_type": 10, "codename": "add_socialapp"}}, {"model": "auth.permission", "pk": 29, "fields": {"name": "Can change social application", "content_type": 10, "codename": "change_socialapp"}}, {"model": "auth.permission", "pk": 30, "fields": {"name": "Can delete social application", "content_type": 10, "codename": "delete_socialapp"}}, {"model": "auth.permission", "pk": 31, "fields": {"name": "Can add social account", "content_type": 11, "codename": "add_socialaccount"}}, {"model": "auth.permission", "pk": 32, "fields": {"name": "Can change social account", "content_type": 11, "codename": "change_socialaccount"}}, {"model": "auth.permission", "pk": 33, "fields": {"name": "Can delete social account", "content_type": 11, "codename": "delete_socialaccount"}}, {"model": "auth.permission", "pk": 34, "fields": {"name": "Can add user", "content_type": 12, "codename": "add_user"}}, {"model": "auth.permission", "pk": 35, "fields": {"name": "Can change user", "content_type": 12, "codename": "change_user"}}, {"model": "auth.permission", "pk": 36, "fields": {"name": "Can delete user", "content_type": 12, "codename": "delete_user"}}, {"model": "auth.permission", "pk": 37, "fields": {"name": "Can add country", "content_type": 13, "codename": "add_country"}}, {"model": "auth.permission", "pk": 38, "fields": {"name": "Can change country", "content_type": 13, "codename": "change_country"}}, {"model": "auth.permission", "pk": 39, "fields": {"name": "Can delete country", "content_type": 13, "codename": "delete_country"}}, {"model": "auth.permission", "pk": 40, "fields": {"name": "Can add survey", "content_type": 14, "codename": "add_survey"}}, {"model": "auth.permission", "pk": 41, "fields": {"name": "Can change survey", "content_type": 14, "codename": "change_survey"}}, {"model": "auth.permission", "pk": 42, "fields": {"name": "Can delete survey", "content_type": 14, "codename": "delete_survey"}}, {"model": "auth.permission", "pk": 43, "fields": {"name": "Can add organization", "content_type": 15, "codename": "add_organization"}}, {"model": "auth.permission", "pk": 44, "fields": {"name": "Can change organization", "content_type": 15, "codename": "change_organization"}}, {"model": "auth.permission", "pk": 45, "fields": {"name": "Can delete organization", "content_type": 15, "codename": "delete_organization"}}, {"model": "auth.permission", "pk": 46, "fields": {"name": "Can add Survey Item", "content_type": 16, "codename": "add_option"}}, {"model": "auth.permission", "pk": 47, "fields": {"name": "Can change Survey Item", "content_type": 16, "codename": "change_option"}}, {"model": "auth.permission", "pk": 48, "fields": {"name": "Can delete Survey Item", "content_type": 16, "codename": "delete_option"}}, {"model": "auth.permission", "pk": 52, "fields": {"name": "Can add question", "content_type": 18, "codename": "add_question"}}, {"model": "auth.permission", "pk": 53, "fields": {"name": "Can change question", "content_type": 18, "codename": "change_question"}}, {"model": "auth.permission", "pk": 54, "fields": {"name": "Can delete question", "content_type": 18, "codename": "delete_question"}}, {"model": "auth.permission", "pk": 55, "fields": {"name": "Can add region", "content_type": 19, "codename": "add_region"}}, {"model": "auth.permission", "pk": 56, "fields": {"name": "Can change region", "content_type": 19, "codename": "change_region"}}, {"model": "auth.permission", "pk": 57, "fields": {"name": "Can delete region", "content_type": 19, "codename": "delete_region"}}, {"model": "auth.permission", "pk": 58, "fields": {"name": "Can add Survey Item", "content_type": 20, "codename": "add_surveyitem"}}, {"model": "auth.permission", "pk": 59, "fields": {"name": "Can change Survey Item", "content_type": 20, "codename": "change_surveyitem"}}, {"model": "auth.permission", "pk": 60, "fields": {"name": "Can delete Survey Item", "content_type": 20, "codename": "delete_surveyitem"}}, {"model": "auth.permission", "pk": 61, "fields": {"name": "Can add response", "content_type": 21, "codename": "add_response"}}, {"model": "auth.permission", "pk": 62, "fields": {"name": "Can change response", "content_type": 21, "codename": "change_response"}}, {"model": "auth.permission", "pk": 63, "fields": {"name": "Can delete response", "content_type": 21, "codename": "delete_response"}}, {"model": "auth.permission", "pk": 64, "fields": {"name": "Can add anonymous user", "content_type": 12, "codename": "add_anonymoususer"}}, {"model": "auth.permission", "pk": 65, "fields": {"name": "Can change anonymous user", "content_type": 12, "codename": "change_anonymoususer"}}, {"model": "auth.permission", "pk": 66, "fields": {"name": "Can delete anonymous user", "content_type": 12, "codename": "delete_anonymoususer"}}, {"model": "auth.permission", "pk": 67, "fields": {"name": "Can add hcp category", "content_type": 23, "codename": "add_hcpcategory"}}, {"model": "auth.permission", "pk": 68, "fields": {"name": "Can change hcp category", "content_type": 23, "codename": "change_hcpcategory"}}, {"model": "auth.permission", "pk": 69, "fields": {"name": "Can delete hcp category", "content_type": 23, "codename": "delete_hcpcategory"}}, {"model": "auth.permission", "pk": 70, "fields": {"name": "Can add answer", "content_type": 21, "codename": "add_answer"}}, {"model": "auth.permission", "pk": 71, "fields": {"name": "Can change answer", "content_type": 21, "codename": "change_answer"}}, {"model": "auth.permission", "pk": 72, "fields": {"name": "Can delete answer", "content_type": 21, "codename": "delete_answer"}}, {"model": "users.user", "pk": 1, "fields": {"password": "pbkdf2_sha256$30000$UWdl3JC7dF3T$P5fhAwI/An8VASMHeqCxbqJSy/ZWyPo1wK+DjKqKi6k=", "last_login": "2016-12-30T20:08:55.987Z", "is_superuser": true, "username": "eugene", "first_name": "", "last_name": "", "email": "eugene.galenko@deepsine.com", "is_staff": true, "is_active": true, "date_joined": "2016-12-26T15:54:50Z", "name": "", "country": 3, "groups": [], "user_permissions": []}}, {"model": "users.user", "pk": 2, "fields": {"password": "pbkdf2_sha256$30000$XtLsu1GCbl16$T3nOncrmMAWLTym66d6ywY15QWppZwoO9jxZ/exTCwo=", "last_login": "2016-12-26T19:18:12.343Z", "is_superuser": false, "username": "test", "first_name": "Test", "last_name": "Test", "email": "test@deepsine.com", "is_staff": false, "is_active": true, "date_joined": "2016-12-26T15:57:47Z", "name": "Test", "country": null, "groups": [], "user_permissions": []}}, {"model": "survey.answer", "pk": 1, "fields": {"user": 1, "country": 3, "region": 2, "organization": 2, "hcp_category": 1, "survey": 1, "data": {}, "created_at": "2016-12-30T12:52:47.544Z"}}, {"model": "survey.answer", "pk": 2, "fields": {"user": 1, "country": 3, "region": 1, "organization": 1, "hcp_category": 1, "survey": 1, "data": {"data[1][main]": [""], "data[4][other]": [""], "data[1][additional]": [""], "data[3][other]": [""], "data[6][other]": [""], "data[7][other]": [""], "csrfmiddlewaretoken": ["mTe2fHFIi0WkQcf6fdeX6xQRmI9ObjnrHzfgsUYDZ8ahPpMDYQ3pB9Lvu9c35udr"]}, "created_at": "2016-12-30T15:57:48.514Z"}}, {"model": "survey.answer", "pk": 3, "fields": {"user": 1, "country": 3, "region": 1, "organization": 1, "hcp_category": 1, "survey": 1, "data": {}, "created_at": "2016-12-31T02:26:07.906Z"}}, {"model": "account.emailaddress", "pk": 1, "fields": {"user": 2, "email": "test@deepsine.com", "verified": false, "primary": false}}, {"model": "admin.logentry", "pk": 1, "fields": {"action_time": "2016-12-26T15:57:47.678Z", "user": 1, "content_type": 12, "object_id": "2", "object_repr": "test", "action_flag": 1, "change_message": "[{\"added\": {}}]"}}, {"model": "admin.logentry", "pk": 2, "fields": {"action_time": "2016-12-26T15:58:48.741Z", "user": 1, "content_type": 12, "object_id": "2", "object_repr": "test", "action_flag": 2, "change_message": "[{\"changed\": {\"fields\": [\"name\", \"first_name\", \"last_name\", \"email\"]}}]"}}, {"model": "admin.logentry", "pk": 3, "fields": {"action_time": "2016-12-28T19:38:34.937Z", "user": 1, "content_type": 13, "object_id": "1", "object_repr": "Ukraine", "action_flag": 1, "change_message": "[{\"added\": {}}]"}}, {"model": "admin.logentry", "pk": 4, "fields": {"action_time": "2016-12-28T19:40:25.786Z", "user": 1, "content_type": 13, "object_id": "2", "object_repr": "Poland", "action_flag": 1, "change_message": "[{\"added\": {}}]"}}, {"model": "admin.logentry", "pk": 5, "fields": {"action_time": "2016-12-28T19:47:05.390Z", "user": 1, "content_type": 12, "object_id": "3", "object_repr": "xxx", "action_flag": 1, "change_message": "[{\"added\": {}}]"}}, {"model": "admin.logentry", "pk": 6, "fields": {"action_time": "2016-12-28T19:47:30.305Z", "user": 1, "content_type": 12, "object_id": "3", "object_repr": "xxx", "action_flag": 3, "change_message": ""}}, {"model": "admin.logentry", "pk": 7, "fields": {"action_time": "2016-12-28T20:08:48.542Z", "user": 1, "content_type": 15, "object_id": "1", "object_repr": "Drug Abuse Specialised Mental Health Centre", "action_flag": 1, "change_message": "[{\"added\": {}}]"}}, {"model": "admin.logentry", "pk": 8, "fields": {"action_time": "2016-12-28T20:08:55.074Z", "user": 1, "content_type": 15, "object_id": "2", "object_repr": "Mental Health Centres", "action_flag": 1, "change_message": "[{\"added\": {}}]"}}, {"model": "admin.logentry", "pk": 9, "fields": {"action_time": "2016-12-28T20:09:04.221Z", "user": 1, "content_type": 15, "object_id": "3", "object_repr": "Hospital", "action_flag": 1, "change_message": "[{\"added\": {}}]"}}, {"model": "admin.logentry", "pk": 10, "fields": {"action_time": "2016-12-28T20:09:55.675Z", "user": 1, "content_type": 13, "object_id": "2", "object_repr": "Poland", "action_flag": 3, "change_message": ""}}, {"model": "admin.logentry", "pk": 11, "fields": {"action_time": "2016-12-28T20:10:20.500Z", "user": 1, "content_type": 13, "object_id": "3", "object_repr": "Spain", "action_flag": 1, "change_message": "[{\"added\": {}}]"}}, {"model": "admin.logentry", "pk": 12, "fields": {"action_time": "2016-12-28T20:10:26.287Z", "user": 1, "content_type": 13, "object_id": "4", "object_repr": "Italy", "action_flag": 1, "change_message": "[{\"added\": {}}]"}}, {"model": "admin.logentry", "pk": 13, "fields": {"action_time": "2016-12-28T20:10:33.455Z", "user": 1, "content_type": 13, "object_id": "5", "object_repr": "France", "action_flag": 1, "change_message": "[{\"added\": {}}]"}}, {"model": "admin.logentry", "pk": 14, "fields": {"action_time": "2016-12-28T20:10:55.918Z", "user": 1, "content_type": 19, "object_id": "1", "object_repr": "East", "action_flag": 1, "change_message": "[{\"added\": {}}]"}}, {"model": "admin.logentry", "pk": 15, "fields": {"action_time": "2016-12-28T20:11:01.438Z", "user": 1, "content_type": 19, "object_id": "2", "object_repr": "West", "action_flag": 1, "change_message": "[{\"added\": {}}]"}}, {"model": "admin.logentry", "pk": 16, "fields": {"action_time": "2016-12-28T20:25:12.480Z", "user": 1, "content_type": 18, "object_id": "1", "object_repr": "How many of your Patients with SCZ have Substance abuse?", "action_flag": 1, "change_message": "[{\"added\": {}}]"}}, {"model": "admin.logentry", "pk": 17, "fields": {"action_time": "2016-12-28T20:28:23.247Z", "user": 1, "content_type": 18, "object_id": "2", "object_repr": "Do you treat patients with SCZ and Substance abuse differently to other Patients with SCZ?", "action_flag": 1, "change_message": "[{\"added\": {}}]"}}, {"model": "admin.logentry", "pk": 18, "fields": {"action_time": "2016-12-28T20:28:44.527Z", "user": 1, "content_type": 18, "object_id": "2", "object_repr": "Do you treat patients with SCZ and Substance abuse differently to other Patients with SCZ?", "action_flag": 2, "change_message": "[]"}}, {"model": "admin.logentry", "pk": 19, "fields": {"action_time": "2016-12-28T20:29:21.108Z", "user": 1, "content_type": 18, "object_id": "3", "object_repr": "Which antipsychotic do you use for the treatment of SCZ in Patients with SCZ and Substance\r\nabuse in maintenance setting?", "action_flag": 1, "change_message": "[{\"added\": {}}]"}}, {"model": "admin.logentry", "pk": 20, "fields": {"action_time": "2016-12-28T20:29:37.684Z", "user": 1, "content_type": 18, "object_id": "4", "object_repr": "What is your rationale to chose one treatment over another?", "action_flag": 1, "change_message": "[{\"added\": {}}]"}}, {"model": "admin.logentry", "pk": 21, "fields": {"action_time": "2016-12-28T20:30:42.041Z", "user": 1, "content_type": 18, "object_id": "5", "object_repr": "Do you have experience with ARI for the treatment of SCZ in patients with SCZ and substance\r\nabuse?", "action_flag": 1, "change_message": "[{\"added\": {}}]"}}, {"model": "admin.logentry", "pk": 22, "fields": {"action_time": "2016-12-28T20:31:02.245Z", "user": 1, "content_type": 18, "object_id": "6", "object_repr": "Why would you choose ARI over another antipsychotic?", "action_flag": 1, "change_message": "[{\"added\": {}}]"}}, {"model": "admin.logentry", "pk": 23, "fields": {"action_time": "2016-12-28T20:31:36.755Z", "user": 1, "content_type": 18, "object_id": "7", "object_repr": "How is the patient group \u201cPatients with SCZ and Concomitant Substance\r\nAbuse\u201d defined?", "action_flag": 1, "change_message": "[{\"added\": {}}]"}}, {"model": "admin.logentry", "pk": 24, "fields": {"action_time": "2016-12-28T20:36:12.571Z", "user": 1, "content_type": 18, "object_id": "5", "object_repr": "Do you have experience with ARI for the treatment of SCZ in patients with SCZ and substance\r\nabuse?", "action_flag": 2, "change_message": "[{\"changed\": {\"fields\": [\"depends_of\"]}}]"}}, {"model": "admin.logentry", "pk": 25, "fields": {"action_time": "2016-12-28T21:29:05.519Z", "user": 1, "content_type": 18, "object_id": "5", "object_repr": "Do you have experience with ARI for the treatment of SCZ in patients with SCZ and substance\r\nabuse?", "action_flag": 2, "change_message": "[{\"changed\": {\"fields\": [\"dependency_type\"]}}]"}}, {"model": "admin.logentry", "pk": 26, "fields": {"action_time": "2016-12-28T21:31:27.968Z", "user": 1, "content_type": 18, "object_id": "8", "object_repr": "Out of the last 10 patients with SCZ, how many have Substance abuse?", "action_flag": 1, "change_message": "[{\"added\": {}}]"}}, {"model": "admin.logentry", "pk": 27, "fields": {"action_time": "2016-12-28T21:32:56.083Z", "user": 1, "content_type": 16, "object_id": "1", "object_repr": "Ari-oral", "action_flag": 1, "change_message": "[{\"added\": {}}]"}}, {"model": "admin.logentry", "pk": 28, "fields": {"action_time": "2016-12-28T21:33:05.290Z", "user": 1, "content_type": 16, "object_id": "2", "object_repr": "Ari-LAI", "action_flag": 1, "change_message": "[{\"added\": {}}]"}}, {"model": "admin.logentry", "pk": 29, "fields": {"action_time": "2016-12-28T21:33:18.706Z", "user": 1, "content_type": 16, "object_id": "3", "object_repr": "Resperidol-oral", "action_flag": 1, "change_message": "[{\"added\": {}}]"}}, {"model": "admin.logentry", "pk": 30, "fields": {"action_time": "2016-12-28T21:33:26.482Z", "user": 1, "content_type": 16, "object_id": "4", "object_repr": "Resperidol-LAI", "action_flag": 1, "change_message": "[{\"added\": {}}]"}}, {"model": "admin.logentry", "pk": 31, "fields": {"action_time": "2016-12-28T21:33:34.417Z", "user": 1, "content_type": 16, "object_id": "5", "object_repr": "Quetapin-oral", "action_flag": 1, "change_message": "[{\"added\": {}}]"}}, {"model": "admin.logentry", "pk": 32, "fields": {"action_time": "2016-12-28T21:33:42.066Z", "user": 1, "content_type": 16, "object_id": "6", "object_repr": "Aloperidol-oral", "action_flag": 1, "change_message": "[{\"added\": {}}]"}}, {"model": "admin.logentry", "pk": 33, "fields": {"action_time": "2016-12-28T21:33:56.805Z", "user": 1, "content_type": 16, "object_id": "7", "object_repr": "Aloperidol-LAI", "action_flag": 1, "change_message": "[{\"added\": {}}]"}}, {"model": "admin.logentry", "pk": 34, "fields": {"action_time": "2016-12-28T21:35:39.066Z", "user": 1, "content_type": 16, "object_id": "8", "object_repr": "Age", "action_flag": 1, "change_message": "[{\"added\": {}}]"}}, {"model": "admin.logentry", "pk": 35, "fields": {"action_time": "2016-12-28T21:35:56.830Z", "user": 1, "content_type": 16, "object_id": "9", "object_repr": "Mechanism of Action", "action_flag": 1, "change_message": "[{\"added\": {}}]"}}, {"model": "admin.logentry", "pk": 36, "fields": {"action_time": "2016-12-28T21:36:05.533Z", "user": 1, "content_type": 16, "object_id": "10", "object_repr": "Preference of the patients", "action_flag": 1, "change_message": "[{\"added\": {}}]"}}, {"model": "admin.logentry", "pk": 37, "fields": {"action_time": "2016-12-28T21:36:18.153Z", "user": 1, "content_type": 16, "object_id": "11", "object_repr": "Efficacy profile", "action_flag": 1, "change_message": "[{\"added\": {}}]"}}, {"model": "admin.logentry", "pk": 38, "fields": {"action_time": "2016-12-28T21:36:27.940Z", "user": 1, "content_type": 16, "object_id": "12", "object_repr": "Tolerability profile", "action_flag": 1, "change_message": "[{\"added\": {}}]"}}, {"model": "admin.logentry", "pk": 39, "fields": {"action_time": "2016-12-28T21:36:36.518Z", "user": 1, "content_type": 16, "object_id": "13", "object_repr": "Health care system specific", "action_flag": 1, "change_message": "[{\"added\": {}}]"}}, {"model": "admin.logentry", "pk": 40, "fields": {"action_time": "2016-12-28T21:36:46.554Z", "user": 1, "content_type": 16, "object_id": "14", "object_repr": "Pre-dominancy of Symptoms", "action_flag": 1, "change_message": "[{\"added\": {}}]"}}, {"model": "admin.logentry", "pk": 41, "fields": {"action_time": "2016-12-28T21:39:01.686Z", "user": 1, "content_type": 16, "object_id": "15", "object_repr": "Age", "action_flag": 1, "change_message": "[{\"added\": {}}]"}}, {"model": "admin.logentry", "pk": 42, "fields": {"action_time": "2016-12-28T21:39:16.655Z", "user": 1, "content_type": 16, "object_id": "16", "object_repr": "Mechanism of Action", "action_flag": 1, "change_message": "[{\"added\": {}}]"}}, {"model": "admin.logentry", "pk": 43, "fields": {"action_time": "2016-12-28T21:39:24.889Z", "user": 1, "content_type": 16, "object_id": "17", "object_repr": "Preference of the patients", "action_flag": 1, "change_message": "[{\"added\": {}}]"}}, {"model": "admin.logentry", "pk": 44, "fields": {"action_time": "2016-12-28T21:39:32.144Z", "user": 1, "content_type": 16, "object_id": "18", "object_repr": "Efficacy profile", "action_flag": 1, "change_message": "[{\"added\": {}}]"}}, {"model": "admin.logentry", "pk": 45, "fields": {"action_time": "2016-12-28T21:39:39.974Z", "user": 1, "content_type": 16, "object_id": "19", "object_repr": "Tolerability profile", "action_flag": 1, "change_message": "[{\"added\": {}}]"}}, {"model": "admin.logentry", "pk": 46, "fields": {"action_time": "2016-12-28T21:39:47.206Z", "user": 1, "content_type": 16, "object_id": "20", "object_repr": "Health care system specific", "action_flag": 1, "change_message": "[{\"added\": {}}]"}}, {"model": "admin.logentry", "pk": 47, "fields": {"action_time": "2016-12-28T21:39:57.978Z", "user": 1, "content_type": 16, "object_id": "21", "object_repr": "Pre-dominancy of Symptoms", "action_flag": 1, "change_message": "[{\"added\": {}}]"}}, {"model": "admin.logentry", "pk": 48, "fields": {"action_time": "2016-12-28T21:41:50.559Z", "user": 1, "content_type": 16, "object_id": "22", "object_repr": "Patients with SCZ with concomitant Substance use/abuse on a daily basis or several times per week (not Occasional/Recreational)", "action_flag": 1, "change_message": "[{\"added\": {}}]"}}, {"model": "admin.logentry", "pk": 49, "fields": {"action_time": "2016-12-28T21:42:48.734Z", "user": 1, "content_type": 16, "object_id": "23", "object_repr": "Substance abuse including Drugs and Alcohol", "action_flag": 1, "change_message": "[{\"added\": {}}]"}}, {"model": "admin.logentry", "pk": 50, "fields": {"action_time": "2016-12-28T21:43:25.273Z", "user": 1, "content_type": 18, "object_id": "6", "object_repr": "Why would you choose ARI over another antipsychotic?", "action_flag": 2, "change_message": "[{\"changed\": {\"fields\": [\"type\"]}}]"}}, {"model": "admin.logentry", "pk": 51, "fields": {"action_time": "2016-12-28T22:01:34.166Z", "user": 1, "content_type": 14, "object_id": "1", "object_repr": "Test", "action_flag": 1, "change_message": "[{\"added\": {}}]"}}, {"model": "admin.logentry", "pk": 52, "fields": {"action_time": "2016-12-28T22:01:57.560Z", "user": 1, "content_type": 20, "object_id": "1", "object_repr": "0/1", "action_flag": 1, "change_message": "[{\"added\": {}}]"}}, {"model": "admin.logentry", "pk": 53, "fields": {"action_time": "2016-12-28T22:02:06.663Z", "user": 1, "content_type": 20, "object_id": "2", "object_repr": "0/2", "action_flag": 1, "change_message": "[{\"added\": {}}]"}}, {"model": "admin.logentry", "pk": 54, "fields": {"action_time": "2016-12-28T22:02:11.832Z", "user": 1, "content_type": 20, "object_id": "3", "object_repr": "0/3", "action_flag": 1, "change_message": "[{\"added\": {}}]"}}, {"model": "admin.logentry", "pk": 55, "fields": {"action_time": "2016-12-28T22:02:24.081Z", "user": 1, "content_type": 20, "object_id": "4", "object_repr": "0/4", "action_flag": 1, "change_message": "[{\"added\": {}}]"}}, {"model": "admin.logentry", "pk": 56, "fields": {"action_time": "2016-12-28T22:02:32.125Z", "user": 1, "content_type": 20, "object_id": "5", "object_repr": "0/5", "action_flag": 1, "change_message": "[{\"added\": {}}]"}}, {"model": "admin.logentry", "pk": 57, "fields": {"action_time": "2016-12-28T22:02:37.158Z", "user": 1, "content_type": 20, "object_id": "6", "object_repr": "0/6", "action_flag": 1, "change_message": "[{\"added\": {}}]"}}, {"model": "admin.logentry", "pk": 58, "fields": {"action_time": "2016-12-28T22:02:42.383Z", "user": 1, "content_type": 20, "object_id": "7", "object_repr": "0/7", "action_flag": 1, "change_message": "[{\"added\": {}}]"}}, {"model": "admin.logentry", "pk": 59, "fields": {"action_time": "2016-12-29T12:31:47.728Z", "user": 1, "content_type": 12, "object_id": "1", "object_repr": "eugene", "action_flag": 2, "change_message": "[{\"changed\": {\"fields\": [\"country\"]}}]"}}, {"model": "admin.logentry", "pk": 60, "fields": {"action_time": "2016-12-29T23:17:49.090Z", "user": 1, "content_type": 12, "object_id": "1", "object_repr": "eugene", "action_flag": 2, "change_message": "[{\"changed\": {\"fields\": [\"country\"]}}]"}}, {"model": "admin.logentry", "pk": 61, "fields": {"action_time": "2016-12-29T23:19:08.454Z", "user": 1, "content_type": 12, "object_id": "1", "object_repr": "eugene", "action_flag": 2, "change_message": "[{\"changed\": {\"fields\": [\"country\"]}}]"}}, {"model": "admin.logentry", "pk": 62, "fields": {"action_time": "2016-12-29T23:28:37.947Z", "user": 1, "content_type": 23, "object_id": "1", "object_repr": "HCPCategory object", "action_flag": 1, "change_message": "[{\"added\": {}}]"}}, {"model": "admin.logentry", "pk": 63, "fields": {"action_time": "2016-12-29T23:28:44.259Z", "user": 1, "content_type": 23, "object_id": "2", "object_repr": "HCPCategory object", "action_flag": 1, "change_message": "[{\"added\": {}}]"}}, {"model": "admin.logentry", "pk": 64, "fields": {"action_time": "2016-12-29T23:28:49.371Z", "user": 1, "content_type": 23, "object_id": "3", "object_repr": "HCPCategory object", "action_flag": 1, "change_message": "[{\"added\": {}}]"}}, {"model": "admin.logentry", "pk": 65, "fields": {"action_time": "2016-12-30T21:14:15.694Z", "user": 1, "content_type": 18, "object_id": "1", "object_repr": "How many of your Patients with SCZ have Substance abuse?", "action_flag": 2, "change_message": "[{\"changed\": {\"fields\": [\"type\"]}}]"}}, {"model": "admin.logentry", "pk": 66, "fields": {"action_time": "2016-12-30T21:14:37.973Z", "user": 1, "content_type": 18, "object_id": "2", "object_repr": "Do you treat patients with SCZ and Substance abuse differently to other Patients with SCZ?", "action_flag": 2, "change_message": "[{\"changed\": {\"fields\": [\"type\"]}}]"}}, {"model": "admin.logentry", "pk": 67, "fields": {"action_time": "2016-12-30T21:14:58.201Z", "user": 1, "content_type": 18, "object_id": "3", "object_repr": "Which antipsychotic do you use for the treatment of SCZ in Patients with SCZ and Substance\r\nabuse in maintenance setting?", "action_flag": 2, "change_message": "[{\"changed\": {\"fields\": [\"type\"]}}]"}}, {"model": "admin.logentry", "pk": 68, "fields": {"action_time": "2016-12-30T21:15:13.810Z", "user": 1, "content_type": 18, "object_id": "4", "object_repr": "What is your rationale to chose one treatment over another?", "action_flag": 2, "change_message": "[{\"changed\": {\"fields\": [\"type\"]}}]"}}, {"model": "admin.logentry", "pk": 69, "fields": {"action_time": "2016-12-30T21:15:29.979Z", "user": 1, "content_type": 18, "object_id": "5", "object_repr": "Do you have experience with ARI for the treatment of SCZ in patients with SCZ and substance\r\nabuse?", "action_flag": 2, "change_message": "[{\"changed\": {\"fields\": [\"type\"]}}]"}}, {"model": "admin.logentry", "pk": 70, "fields": {"action_time": "2016-12-30T21:15:43.316Z", "user": 1, "content_type": 18, "object_id": "6", "object_repr": "Why would you choose ARI over another antipsychotic?", "action_flag": 2, "change_message": "[{\"changed\": {\"fields\": [\"type\"]}}]"}}, {"model": "admin.logentry", "pk": 71, "fields": {"action_time": "2016-12-30T21:16:11.148Z", "user": 1, "content_type": 18, "object_id": "7", "object_repr": "How is the patient group \u201cPatients with SCZ and Concomitant Substance\r\nAbuse\u201d defined?", "action_flag": 2, "change_message": "[{\"changed\": {\"fields\": [\"type\"]}}]"}}, {"model": "admin.logentry", "pk": 72, "fields": {"action_time": "2016-12-30T21:16:19.289Z", "user": 1, "content_type": 18, "object_id": "8", "object_repr": "Out of the last 10 patients with SCZ, how many have Substance abuse?", "action_flag": 2, "change_message": "[{\"changed\": {\"fields\": [\"type\"]}}]"}}, {"model": "admin.logentry", "pk": 73, "fields": {"action_time": "2016-12-31T00:32:23.838Z", "user": 1, "content_type": 20, "object_id": "1", "object_repr": "1/1", "action_flag": 2, "change_message": "[{\"changed\": {\"fields\": [\"ordering\"]}}]"}}, {"model": "admin.logentry", "pk": 74, "fields": {"action_time": "2016-12-31T00:32:28.708Z", "user": 1, "content_type": 20, "object_id": "3", "object_repr": "1/3", "action_flag": 2, "change_message": "[{\"changed\": {\"fields\": [\"ordering\"]}}]"}}, {"model": "admin.logentry", "pk": 75, "fields": {"action_time": "2016-12-31T00:32:33.626Z", "user": 1, "content_type": 20, "object_id": "2", "object_repr": "1/2", "action_flag": 2, "change_message": "[{\"changed\": {\"fields\": [\"ordering\"]}}]"}}, {"model": "admin.logentry", "pk": 76, "fields": {"action_time": "2016-12-31T00:32:41.372Z", "user": 1, "content_type": 20, "object_id": "4", "object_repr": "1/4", "action_flag": 2, "change_message": "[{\"changed\": {\"fields\": [\"ordering\"]}}]"}}, {"model": "admin.logentry", "pk": 77, "fields": {"action_time": "2016-12-31T00:32:46.119Z", "user": 1, "content_type": 20, "object_id": "5", "object_repr": "1/5", "action_flag": 2, "change_message": "[{\"changed\": {\"fields\": [\"ordering\"]}}]"}}, {"model": "admin.logentry", "pk": 78, "fields": {"action_time": "2016-12-31T00:32:57.599Z", "user": 1, "content_type": 20, "object_id": "7", "object_repr": "1/7", "action_flag": 2, "change_message": "[{\"changed\": {\"fields\": [\"ordering\"]}}]"}}, {"model": "admin.logentry", "pk": 79, "fields": {"action_time": "2016-12-31T01:03:33.959Z", "user": 1, "content_type": 20, "object_id": "6", "object_repr": "1/6", "action_flag": 2, "change_message": "[{\"changed\": {\"fields\": [\"ordering\"]}}]"}}, {"model": "admin.logentry", "pk": 80, "fields": {"action_time": "2016-12-31T01:20:38.054Z", "user": 1, "content_type": 18, "object_id": "5", "object_repr": "Do you have experience with ARI for the treatment of SCZ in patients with SCZ and substance\r\nabuse?", "action_flag": 2, "change_message": "[{\"changed\": {\"fields\": [\"script\"]}}]"}}, {"model": "admin.logentry", "pk": 81, "fields": {"action_time": "2016-12-31T01:25:22.656Z", "user": 1, "content_type": 18, "object_id": "5", "object_repr": "Do you have experience with ARI for the treatment of SCZ in patients with SCZ and substance\r\nabuse?", "action_flag": 2, "change_message": "[{\"changed\": {\"fields\": [\"script\"]}}]"}}]