[
{
  "model": "survey.question",
  "pk": 1,
  "fields": {
    "type": "type_two_dependend_fields",
    "field": 1,
    "text": "How many of your Patients under 35 years old with SCZ have Substance abuse?",
    "depends_on": null,
    "dependency_type": null,
    "script": "",
    "created_at": "2016-12-28T20:25:12.476Z"
  }
},
{
  "model": "survey.question",
  "pk": 2,
  "fields": {
    "type": "type_yes_no",
    "field": null,
    "text": "Do you treat patients under 35 years old with SCZ and Substance abuse differently to other Patients with SCZ?",
    "depends_on": null,
    "dependency_type": null,
    "script": "",
    "created_at": "2016-12-28T20:28:23.239Z"
  }
},
{
  "model": "survey.question",
  "pk": 3,
  "fields": {
    "type": "type_multiselect_ordered",
    "field": null,
    "text": "What are the top 3 antipsychotics you use for the treatment of SCZ in Patients under 35 years old with SCZ and Substance abuse in maintenance setting?",
    "depends_on": null,
    "dependency_type": null,
    "script": "",
    "created_at": "2016-12-28T20:29:21.105Z"
  }
},
{
  "model": "survey.question",
  "pk": 4,
  "fields": {
    "type": "type_multiselect_ordered",
    "field": null,
    "text": "What is your rationale to choose one treatment over another?",
    "depends_on": null,
    "dependency_type": null,
    "script": "",
    "created_at": "2016-12-28T20:29:37.680Z"
  }
},
{
  "model": "survey.question",
  "pk": 5,
  "fields": {
    "type": "type_yes_no",
    "field": null,
    "text": "Do you have experience with Aripiprazole for the treatment of SCZ in patients under 35 years old with SCZ and substance abuse?",
    "depends_on": 1,
    "dependency_type": 2,
    "script": "//alert('test');",
    "created_at": "2016-12-28T20:30:42.038Z"
  }
},
{
  "model": "survey.question",
  "pk": 6,
  "fields": {
    "type": "type_multiselect_ordered",
    "field": null,
    "text": "Why would you choose Aripiprazole over another antipsychotic?",
    "depends_on": null,
    "dependency_type": null,
    "script": "",
    "created_at": "2016-12-28T20:31:02.240Z"
  }
},
{
  "model": "survey.question",
  "pk": 7,
  "fields": {
    "type": "type_yes_no_jumping",
    "field": null,
    "text": "If you consider your patient population over 35 years old, would any of your answer be different?",
    "depends_on": null,
    "dependency_type": null,
    "script": "",
    "created_at": "2016-12-28T20:31:36.750Z"
  }
},
{
  "model": "survey.question",
  "pk": 8,
  "fields": {
    "type": "type_dependeend_question",
    "field": 2,
    "text": "Out of the last 10 patients under 35 years old with SCZ, how many have Substance abuse?",
    "depends_on": 1,
    "dependency_type": 1,
    "script": "",
    "created_at": "2016-12-28T21:31:27.964Z"
  }
},
{
  "model": "survey.question",
  "pk": 9,
  "fields": {
    "type": "type_two_dependend_fields",
    "field": 1,
    "text": "How many of your Patients over 35 years old with SCZ have Substance abuse?",
    "depends_on": null,
    "dependency_type": null,
    "script": "",
    "created_at": "2016-12-28T20:25:12.476Z"
  }
},
{
  "model": "survey.question",
  "pk": 10,
  "fields": {
    "type": "type_yes_no",
    "field": null,
    "text": "Do you treat patients over 35 years old with SCZ and Substance abuse differently to other Patients with SCZ?",
    "depends_on": null,
    "dependency_type": null,
    "script": "",
    "created_at": "2016-12-28T20:28:23.239Z"
  }
},
{
  "model": "survey.question",
  "pk": 11,
  "fields": {
    "type": "type_multiselect_ordered",
    "field": null,
    "text": "What are the top 3 antipsychotics you use for the treatment of SCZ in Patients over 35 years old with SCZ and Substance abuse in maintenance setting?",
    "depends_on": null,
    "dependency_type": null,
    "script": "",
    "created_at": "2016-12-28T20:29:21.105Z"
  }
},
{
  "model": "survey.question",
  "pk": 12,
  "fields": {
    "type": "type_multiselect_ordered",
    "field": null,
    "text": "What is your rationale to choose one treatment over another?",
    "depends_on": null,
    "dependency_type": null,
    "script": "",
    "created_at": "2016-12-28T20:29:37.680Z"
  }
},
{
  "model": "survey.question",
  "pk": 13,
  "fields": {
    "type": "type_yes_no",
    "field": null,
    "text": "Do you have experience with Aripiprazole for the treatment of SCZ in patients over 35 years old with SCZ and substance abuse?",
    "depends_on": 1,
    "dependency_type": 2,
    "script": "//alert('test');",
    "created_at": "2016-12-28T20:30:42.038Z"
  }
},
{
  "model": "survey.question",
  "pk": 14,
  "fields": {
    "type": "type_multiselect_ordered",
    "field": null,
    "text": "Why would you choose Aripiprazole over another antipsychotic?",
    "depends_on": null,
    "dependency_type": null,
    "script": "",
    "created_at": "2016-12-28T20:31:02.240Z"
  }
},
{
  "model": "survey.question",
  "pk": 15,
  "fields": {
    "type": "type_dependeend_question",
    "field": 2,
    "text": "Out of the last 10 patients with SCZ, how many have Substance abuse?",
    "depends_on": 9,
    "dependency_type": 1,
    "script": "",
    "created_at": "2016-12-28T21:31:27.964Z"
  }
},
{
  "model": "survey.question",
  "pk": 16,
  "fields": {
    "type": "type_simple_input",
    "field": null,
    "text": "Other comments",
    "depends_on": null,
    "dependency_type": null,
    "script": "",
    "created_at": "2017-01-06T14:27:53.333Z"
  }
},
{
  "model": "survey.option",
  "pk": 1,
  "fields": {
    "question": 3,
    "value": "Ari-oral",
    "ordering": 0,
    "created_at": "2016-12-28T21:32:56.080Z"
  }
},
{
  "model": "survey.option",
  "pk": 2,
  "fields": {
    "question": 3,
    "value": "Ari-LAI",
    "ordering": 0,
    "created_at": "2016-12-28T21:33:05.286Z"
  }
},
{
  "model": "survey.option",
  "pk": 3,
  "fields": {
    "question": 3,
    "value": "Resperidol-oral",
    "ordering": 0,
    "created_at": "2016-12-28T21:33:18.702Z"
  }
},
{
  "model": "survey.option",
  "pk": 4,
  "fields": {
    "question": 3,
    "value": "Resperidol-LAI",
    "ordering": 0,
    "created_at": "2016-12-28T21:33:26.478Z"
  }
},
{
  "model": "survey.option",
  "pk": 5,
  "fields": {
    "question": 3,
    "value": "Quetapin-oral",
    "ordering": 0,
    "created_at": "2016-12-28T21:33:34.413Z"
  }
},
{
  "model": "survey.option",
  "pk": 6,
  "fields": {
    "question": 3,
    "value": "Aloperidol-oral",
    "ordering": 0,
    "created_at": "2016-12-28T21:33:42.062Z"
  }
},
{
  "model": "survey.option",
  "pk": 7,
  "fields": {
    "question": 3,
    "value": "Aloperidol-LAI",
    "ordering": 0,
    "created_at": "2016-12-28T21:33:56.801Z"
  }
},
{
  "model": "survey.option",
  "pk": 8,
  "fields": {
    "question": 4,
    "value": "Age",
    "ordering": 0,
    "created_at": "2016-12-28T21:35:39.053Z"
  }
},
{
  "model": "survey.option",
  "pk": 9,
  "fields": {
    "question": 4,
    "value": "Mechanism of Action",
    "ordering": 0,
    "created_at": "2016-12-28T21:35:56.827Z"
  }
},
{
  "model": "survey.option",
  "pk": 10,
  "fields": {
    "question": 4,
    "value": "Preference of the patients",
    "ordering": 0,
    "created_at": "2016-12-28T21:36:05.528Z"
  }
},
{
  "model": "survey.option",
  "pk": 11,
  "fields": {
    "question": 4,
    "value": "Efficacy profile",
    "ordering": 0,
    "created_at": "2016-12-28T21:36:18.150Z"
  }
},
{
  "model": "survey.option",
  "pk": 12,
  "fields": {
    "question": 4,
    "value": "Tolerability profile",
    "ordering": 0,
    "created_at": "2016-12-28T21:36:27.935Z"
  }
},
{
  "model": "survey.option",
  "pk": 13,
  "fields": {
    "question": 4,
    "value": "Health care system specific",
    "ordering": 0,
    "created_at": "2016-12-28T21:36:36.514Z"
  }
},
{
  "model": "survey.option",
  "pk": 14,
  "fields": {
    "question": 4,
    "value": "Pre-dominancy of Symptoms",
    "ordering": 0,
    "created_at": "2016-12-28T21:36:46.550Z"
  }
},
{
  "model": "survey.option",
  "pk": 15,
  "fields": {
    "question": 6,
    "value": "Age",
    "ordering": 0,
    "created_at": "2016-12-28T21:39:01.682Z"
  }
},
{
  "model": "survey.option",
  "pk": 16,
  "fields": {
    "question": 6,
    "value": "Mechanism of Action",
    "ordering": 0,
    "created_at": "2016-12-28T21:39:16.652Z"
  }
},
{
  "model": "survey.option",
  "pk": 17,
  "fields": {
    "question": 6,
    "value": "Preference of the patients",
    "ordering": 0,
    "created_at": "2016-12-28T21:39:24.884Z"
  }
},
{
  "model": "survey.option",
  "pk": 18,
  "fields": {
    "question": 6,
    "value": "Efficacy profile",
    "ordering": 0,
    "created_at": "2016-12-28T21:39:32.141Z"
  }
},
{
  "model": "survey.option",
  "pk": 19,
  "fields": {
    "question": 6,
    "value": "Tolerability profile",
    "ordering": 0,
    "created_at": "2016-12-28T21:39:39.970Z"
  }
},
{
  "model": "survey.option",
  "pk": 20,
  "fields": {
    "question": 6,
    "value": "Health care system specific",
    "ordering": 0,
    "created_at": "2016-12-28T21:39:47.202Z"
  }
},
{
  "model": "survey.option",
  "pk": 21,
  "fields": {
    "question": 6,
    "value": "Pre-dominancy of Symptoms",
    "ordering": 0,
    "created_at": "2016-12-28T21:39:57.975Z"
  }
},
{
  "model": "survey.option",
  "pk": 22,
  "fields": {
    "question": 7,
    "value": "Patients with SCZ with concomitant Substance use/abuse on a daily basis or several times per week (not Occasional/Recreational)",
    "ordering": 0,
    "created_at": "2016-12-28T21:41:50.553Z"
  }
},
{
  "model": "survey.option",
  "pk": 23,
  "fields": {
    "question": 7,
    "value": "Substance abuse including Drugs and Alcohol",
    "ordering": 0,
    "created_at": "2016-12-28T21:42:48.730Z"
  }
},
{
  "model": "survey.option",
  "pk": 24,
  "fields": {
    "question": 3,
    "value": "Paliperidone-oral",
    "ordering": 0,
    "created_at": "2017-01-05T13:49:10.380Z"
  }
},
{
  "model": "survey.option",
  "pk": 25,
  "fields": {
    "question": 3,
    "value": "Paliperidone-LAI",
    "ordering": 0,
    "created_at": "2017-01-05T13:49:21.085Z"
  }
},
{
  "model": "survey.option",
  "pk": 26,
  "fields": {
    "question": 11,
    "value": "Ari-oral",
    "ordering": 0,
    "created_at": "2016-12-28T21:32:56.080Z"
  }
},
{
  "model": "survey.option",
  "pk": 27,
  "fields": {
    "question": 11,
    "value": "Ari-LAI",
    "ordering": 0,
    "created_at": "2016-12-28T21:33:05.286Z"
  }
},
{
  "model": "survey.option",
  "pk": 28,
  "fields": {
    "question": 11,
    "value": "Resperidol-oral",
    "ordering": 0,
    "created_at": "2016-12-28T21:33:18.702Z"
  }
},
{
  "model": "survey.option",
  "pk": 29,
  "fields": {
    "question": 11,
    "value": "Resperidol-LAI",
    "ordering": 0,
    "created_at": "2016-12-28T21:33:26.478Z"
  }
},
{
  "model": "survey.option",
  "pk": 30,
  "fields": {
    "question": 11,
    "value": "Quetapin-oral",
    "ordering": 0,
    "created_at": "2016-12-28T21:33:34.413Z"
  }
},
{
  "model": "survey.option",
  "pk": 31,
  "fields": {
    "question": 11,
    "value": "Aloperidol-oral",
    "ordering": 0,
    "created_at": "2016-12-28T21:33:42.062Z"
  }
},
{
  "model": "survey.option",
  "pk": 32,
  "fields": {
    "question": 11,
    "value": "Aloperidol-LAI",
    "ordering": 0,
    "created_at": "2016-12-28T21:33:56.801Z"
  }
},
{
  "model": "survey.option",
  "pk": 33,
  "fields": {
    "question": 12,
    "value": "Age",
    "ordering": 0,
    "created_at": "2016-12-28T21:35:39.053Z"
  }
},
{
  "model": "survey.option",
  "pk": 34,
  "fields": {
    "question": 12,
    "value": "Mechanism of Action",
    "ordering": 0,
    "created_at": "2016-12-28T21:35:56.827Z"
  }
},
{
  "model": "survey.option",
  "pk": 35,
  "fields": {
    "question": 12,
    "value": "Preference of the patients",
    "ordering": 0,
    "created_at": "2016-12-28T21:36:05.528Z"
  }
},
{
  "model": "survey.option",
  "pk": 36,
  "fields": {
    "question": 12,
    "value": "Efficacy profile",
    "ordering": 0,
    "created_at": "2016-12-28T21:36:18.150Z"
  }
},
{
  "model": "survey.option",
  "pk": 37,
  "fields": {
    "question": 12,
    "value": "Tolerability profile",
    "ordering": 0,
    "created_at": "2016-12-28T21:36:27.935Z"
  }
},
{
  "model": "survey.option",
  "pk": 38,
  "fields": {
    "question": 12,
    "value": "Health care system specific",
    "ordering": 0,
    "created_at": "2016-12-28T21:36:36.514Z"
  }
},
{
  "model": "survey.option",
  "pk": 39,
  "fields": {
    "question": 12,
    "value": "Pre-dominancy of Symptoms",
    "ordering": 0,
    "created_at": "2016-12-28T21:36:46.550Z"
  }
},
{
  "model": "survey.option",
  "pk": 40,
  "fields": {
    "question": 14,
    "value": "Age",
    "ordering": 0,
    "created_at": "2016-12-28T21:39:01.682Z"
  }
},
{
  "model": "survey.option",
  "pk": 41,
  "fields": {
    "question": 14,
    "value": "Mechanism of Action",
    "ordering": 0,
    "created_at": "2016-12-28T21:39:16.652Z"
  }
},
{
  "model": "survey.option",
  "pk": 42,
  "fields": {
    "question": 14,
    "value": "Preference of the patients",
    "ordering": 0,
    "created_at": "2016-12-28T21:39:24.884Z"
  }
},
{
  "model": "survey.option",
  "pk": 43,
  "fields": {
    "question": 14,
    "value": "Efficacy profile",
    "ordering": 0,
    "created_at": "2016-12-28T21:39:32.141Z"
  }
},
{
  "model": "survey.option",
  "pk": 44,
  "fields": {
    "question": 14,
    "value": "Tolerability profile",
    "ordering": 0,
    "created_at": "2016-12-28T21:39:39.970Z"
  }
},
{
  "model": "survey.option",
  "pk": 45,
  "fields": {
    "question": 14,
    "value": "Health care system specific",
    "ordering": 0,
    "created_at": "2016-12-28T21:39:47.202Z"
  }
},
{
  "model": "survey.option",
  "pk": 46,
  "fields": {
    "question": 14,
    "value": "Pre-dominancy of Symptoms",
    "ordering": 0,
    "created_at": "2016-12-28T21:39:57.975Z"
  }
},
{
  "model": "survey.option",
  "pk": 49,
  "fields": {
    "question": 11,
    "value": "Paliperidone-oral",
    "ordering": 0,
    "created_at": "2017-01-05T13:49:10.380Z"
  }
},
{
  "model": "survey.option",
  "pk": 50,
  "fields": {
    "question": 11,
    "value": "Paliperidone-LAI",
    "ordering": 0,
    "created_at": "2017-01-05T13:49:21.085Z"
  }
},
{
  "model": "survey.option",
  "pk": 51,
  "fields": {
    "question": 3,
    "value": "Clozapine-oral",
    "ordering": 0,
    "created_at": "2017-01-11T13:46:34.497Z"
  }
},
{
  "model": "survey.option",
  "pk": 52,
  "fields": {
    "question": 3,
    "value": "Olanzapine-oral",
    "ordering": 0,
    "created_at": "2017-01-11T13:46:53.214Z"
  }
},
{
  "model": "survey.option",
  "pk": 53,
  "fields": {
    "question": 3,
    "value": "Olanzapine-LAI",
    "ordering": 0,
    "created_at": "2017-01-11T13:47:05.745Z"
  }
},
{
  "model": "survey.option",
  "pk": 54,
  "fields": {
    "question": 11,
    "value": "Clozapine-oral",
    "ordering": 0,
    "created_at": "2017-01-11T13:47:25.489Z"
  }
},
{
  "model": "survey.option",
  "pk": 55,
  "fields": {
    "question": 11,
    "value": "Olanzapine-oral",
    "ordering": 0,
    "created_at": "2017-01-11T13:47:36.887Z"
  }
},
{
  "model": "survey.option",
  "pk": 56,
  "fields": {
    "question": 11,
    "value": "Olanzapine-LAI",
    "ordering": 0,
    "created_at": "2017-01-11T13:47:53.500Z"
  }
},
{
  "model": "survey.option",
  "pk": 57,
  "fields": {
    "question": 4,
    "value": "Published Evidence",
    "ordering": 0,
    "created_at": "2017-01-11T13:49:12.611Z"
  }
},
{
  "model": "survey.option",
  "pk": 58,
  "fields": {
    "question": 12,
    "value": "Published Evidence",
    "ordering": 0,
    "created_at": "2017-01-11T13:49:24.006Z"
  }
},
{
  "model": "survey.option",
  "pk": 59,
  "fields": {
    "question": 6,
    "value": "Published Evidence",
    "ordering": 0,
    "created_at": "2017-01-11T13:50:07.748Z"
  }
},
{
  "model": "survey.option",
  "pk": 60,
  "fields": {
    "question": 14,
    "value": "Published Evidence",
    "ordering": 0,
    "created_at": "2017-01-11T13:50:24.919Z"
  }
},
{
  "model": "survey.survey",
  "pk": 1,
  "fields": {
    "name": "Test",
    "active": true,
    "created_at": "2016-12-28T22:01:34.162Z"
  }
},
{
  "model": "survey.survey",
  "pk": 8,
  "fields": {
    "name": "Test2",
    "active": false,
    "created_at": "2016-12-28T22:01:34.162Z"
  }
},
{
  "model": "survey.surveyitem",
  "pk": 1,
  "fields": {
    "survey": 1,
    "question": 1,
    "ordering": 1,
    "created_at": "2016-12-28T22:01:57.556Z"
  }
},
{
  "model": "survey.surveyitem",
  "pk": 2,
  "fields": {
    "survey": 1,
    "question": 2,
    "ordering": 1,
    "created_at": "2016-12-28T22:02:06.659Z"
  }
},
{
  "model": "survey.surveyitem",
  "pk": 3,
  "fields": {
    "survey": 1,
    "question": 3,
    "ordering": 1,
    "created_at": "2016-12-28T22:02:11.828Z"
  }
},
{
  "model": "survey.surveyitem",
  "pk": 4,
  "fields": {
    "survey": 1,
    "question": 4,
    "ordering": 1,
    "created_at": "2016-12-28T22:02:24.077Z"
  }
},
{
  "model": "survey.surveyitem",
  "pk": 5,
  "fields": {
    "survey": 1,
    "question": 5,
    "ordering": 1,
    "created_at": "2016-12-28T22:02:32.121Z"
  }
},
{
  "model": "survey.surveyitem",
  "pk": 6,
  "fields": {
    "survey": 1,
    "question": 6,
    "ordering": 1,
    "created_at": "2016-12-28T22:02:37.154Z"
  }
},
{
  "model": "survey.surveyitem",
  "pk": 7,
  "fields": {
    "survey": 1,
    "question": 7,
    "ordering": 1,
    "created_at": "2016-12-28T22:02:42.379Z"
  }
},
{
  "model": "survey.surveyitem",
  "pk": 9,
  "fields": {
    "survey": 1,
    "question": 9,
    "ordering": 1,
    "created_at": "2016-12-29T22:01:57.556Z"
  }
},
{
  "model": "survey.surveyitem",
  "pk": 10,
  "fields": {
    "survey": 1,
    "question": 10,
    "ordering": 1,
    "created_at": "2016-12-29T22:02:06.659Z"
  }
},
{
  "model": "survey.surveyitem",
  "pk": 11,
  "fields": {
    "survey": 1,
    "question": 11,
    "ordering": 1,
    "created_at": "2016-12-29T22:02:11.828Z"
  }
},
{
  "model": "survey.surveyitem",
  "pk": 12,
  "fields": {
    "survey": 1,
    "question": 12,
    "ordering": 1,
    "created_at": "2016-12-29T22:02:24.077Z"
  }
},
{
  "model": "survey.surveyitem",
  "pk": 13,
  "fields": {
    "survey": 1,
    "question": 13,
    "ordering": 1,
    "created_at": "2016-12-29T22:02:32.121Z"
  }
},
{
  "model": "survey.surveyitem",
  "pk": 14,
  "fields": {
    "survey": 1,
    "question": 14,
    "ordering": 1,
    "created_at": "2016-12-29T22:02:37.154Z"
  }
},
{
  "model": "survey.surveyitem",
  "pk": 16,
  "fields": {
    "survey": 1,
    "question": 16,
    "ordering": 1,
    "created_at": "2017-01-06T14:28:17.502Z"
  }
},
{
  "model": "survey.organization",
  "pk": 1,
  "fields": {
    "name": "Drug Abuse Specialised Mental Health Centre",
    "name_plural": "Drug Abuse Specialised Mental Health Centres",
    "name_plural_short": "DASMHC",
    "label1": "Text regarding the data",
    "created_at": "2016-12-28T20:08:48.538Z",
    "ordering": 1
  }
},
{
  "model": "survey.organization",
  "pk": 2,
  "fields": {
    "name": "Mental Health Centre",
    "name_plural": "Mental Health Centres",
    "name_plural_short": "MHC",
    "label1": "Text regarding the data",
    "created_at": "2016-12-28T20:08:55.070Z",
    "ordering": 1
  }
},
{
  "model": "survey.organization",
  "pk": 3,
  "fields": {
    "name": "Hospital",
    "name_plural": "Hospitals",
    "name_plural_short": "Hospitals",
    "label1": "Text regarding the data",
    "created_at": "2016-12-28T20:09:04.217Z",
    "ordering": 1
  }
},
{
  "model": "survey.hcpcategory",
  "pk": 1,
  "fields": {
    "name": "KOL",
    "created_at": "2016-12-29T23:28:37.942Z"
  }
},
{
  "model": "survey.hcpcategory",
  "pk": 2,
  "fields": {
    "name": "Rising Star",
    "created_at": "2016-12-29T23:28:44.255Z"
  }
},
{
  "model": "survey.hcpcategory",
  "pk": 3,
  "fields": {
    "name": "Other HCP",
    "created_at": "2016-12-29T23:28:49.367Z"
  }
},
{
  "model": "survey.region",
  "pk": 1,
  "fields": {
    "name": "East",
    "country": 3,
    "created_at": "2016-12-28T20:10:55.914Z",
    "ordering": 1
  }
},
{
  "model": "survey.region",
  "pk": 2,
  "fields": {
    "name": "North",
    "country": 3,
    "created_at": "2016-12-28T20:11:01.434Z",
    "ordering": 1
  }
},
{
  "model": "survey.region",
  "pk": 3,
  "fields": {
    "name": "South",
    "country": 3,
    "created_at": "2017-01-05T13:31:23.717Z",
    "ordering": 1
  }
},
{
  "model": "survey.region",
  "pk": 4,
  "fields": {
    "name": "North",
    "country": 4,
    "created_at": "2017-01-05T13:32:21.206Z",
    "ordering": 1
  }
},
{
  "model": "survey.region",
  "pk": 5,
  "fields": {
    "name": "South",
    "country": 4,
    "created_at": "2017-01-05T13:32:26.215Z",
    "ordering": 1
  }
},
{
  "model": "survey.region",
  "pk": 6,
  "fields": {
    "name": "Centre",
    "country": 4,
    "created_at": "2017-01-05T13:33:10.140Z",
    "ordering": 1
  }
},
{
  "model": "survey.region",
  "pk": 7,
  "fields": {
    "name": "North",
    "country": 5,
    "created_at": "2017-01-05T13:37:41.840Z",
    "ordering": 1
  }
},
{
  "model": "survey.region",
  "pk": 8,
  "fields": {
    "name": "South",
    "country": 5,
    "created_at": "2017-01-05T13:37:48.612Z",
    "ordering": 1
  }
},
{
  "model": "survey.region",
  "pk": 9,
  "fields": {
    "name": "East",
    "country": 5,
    "created_at": "2017-01-05T13:37:54.973Z",
    "ordering": 1
  }
},
{
  "model": "survey.region",
  "pk": 10,
  "fields": {
    "name": "West",
    "country": 5,
    "created_at": "2017-01-11T12:06:01.710Z",
    "ordering": 1
  }
},
{
  "model": "users.country",
  "pk": 1,
  "fields": {
    "name": "Ukraine",
    "created_at": "2016-12-28T19:38:34.933Z",
    "ordering": 1
  }
},
{
  "model": "users.country",
  "pk": 3,
  "fields": {
    "name": "Spain",
    "created_at": "2016-12-28T20:10:20.497Z",
    "ordering": 1
  }
},
{
  "model": "users.country",
  "pk": 4,
  "fields": {
    "name": "Italy",
    "created_at": "2016-12-28T20:10:26.283Z",
    "ordering": 1
  }
},
{
  "model": "users.country",
  "pk": 5,
  "fields": {
    "name": "France",
    "created_at": "2016-12-28T20:10:33.451Z",
    "ordering": 1
  }
},
{
  "model": "users.country",
  "pk": 6,
  "fields": {
    "name": "Other",
    "created_at": "2017-01-18T15:26:06.074Z",
    "ordering": 1
  }
},
{
  "model": "reports.representation",
  "pk": 1,
  "fields": {
    "type": "type_average_percent",
    "survey": 1,
    "active": true,
    "ordering": 1,
    "label1": "Total percentage of patients with SCZ that have abused drugs",
    "label2": "No abuse",
    "label3": "Substance abuse",
    "question": [
      1
    ]
  }
},
{
  "model": "reports.representation",
  "pk": 2,
  "fields": {
    "type": "type_yes_no",
    "survey": 1,
    "active": true,
    "ordering": 1,
    "label1": "Number of answers for each option across the whole survey",
    "label2": "No difference",
    "label3": "Treats differently",
    "question": [
      2
    ]
  }
},
{
  "model": "reports.representation",
  "pk": 3,
  "fields": {
    "type": "type_multiselect_top",
    "survey": 1,
    "active": true,
    "ordering": 1,
    "label1": "Lorem ipsum",
    "label2": "Lorem ipsum",
    "label3": "",
    "question": [
      3
    ]
  }
},
{
  "model": "reports.representation",
  "pk": 4,
  "fields": {
    "type": "type_multiselect_top",
    "survey": 1,
    "active": true,
    "ordering": 1,
    "label1": "Lorem ipsum",
    "label2": "Lorem ipsum",
    "label3": "",
    "question": [
      4
    ]
  }
},
{
  "model": "reports.representation",
  "pk": 5,
  "fields": {
    "type": "type_yes_no",
    "survey": 1,
    "active": true,
    "ordering": 1,
    "label1": "Number of answers for each option across the whole survey",
    "label2": "No difference",
    "label3": "Treats differently",
    "question": [
      5
    ]
  }
},
{
  "model": "reports.representation",
  "pk": 6,
  "fields": {
    "type": "type_multiselect_top",
    "survey": 1,
    "active": true,
    "ordering": 1,
    "label1": "Why would you choose Aripiprazole over another antipsychotic",
    "label2": "Lorem ipsum",
    "label3": "Lorem ipsum",
    "question": [
      6
    ]
  }
}
]
